c1,c2,c3,c4,c5,c6,c7,c8,c9,c10,c11,c12,c13,c14,c15,c16,c17,c18,c19,c20,c21,c22
Chanel,,,,,,,,,,,Bottegga Veneta,,,,,,,Valentino,Chanel,,
Hermès,,,,,Hermès,,,,,,Hermès,,,,,,,,,Hermès,Hermès
,,,Balmain,,,,,,,,,,,,,,,,,YSL,
,,,,,,,,,,,Burberry,,,,,,,Dior,,,
,,,,,,,,,,,Burberry,,,,,,,,,Chael,
,,,,,,,,,Dolce and Gabbana ,,,,,,,,,Louis Vuitton,,Louis Vuitton,
,,,Gucci,,,,,,,,,,,,,,,,,Gucci,
,,,Versace,,,,,,,,,,,,,,,,,Chanel,Gucci
,,,,,,,,,,,,,,,,,,,,,
,,,Saint Laurent,,,,,,,,,,,,,,,Valentino,,,
Chanel,,,,,,,,,,,,,,,,,,,,Chanel,
,,,,,,,,,,,,,,,,,,,,,
Dolce & Gabbana,,,Louis Vuitton,,,,,,,,Balmain,,,,,,,Mach & Mach ,,Hermès,Chanel
,,,,,Rosie Assoulin,,,,,,Balmain,,,,,,,Chanel,Manolo,,
,,,,,,,,,,,Burberry,,,,,,,Louboutin ,,Gucci,
,,,,,,,,,,,Chanel,,,,,,,,,Louis Vuitton,Chanel
Brunello Cucinelli,,,Dolce & Gabbana,,,,,,,,,,,,,,,Celine,,,
,,,Burberry,,,,Balenciaga,,,,,,,,,,,Gucci,,Louis Vuitton,
,,,,,,,,,,,Valentino,,,,,,,Chanel,,,
,,,,,,,,,,,Burberry,Chanel,Grey textured,Fendi,One-piece,,,Gucci,Chanel,,
,,,,,Burberry,,,,,,,,,,,,,,,Dior,
Hermes,,,,,,,,,,,,,,,,,,Valentino,,,
,,,,,Gucci,,,,,,,,,,,,,,,Chanel,Chanel
Bailmain,,,,,,,,,,,,,,,,,,Gucci,,Bottega Veneta,Gucci 
,,,,,,,,,,,,,,,,,,,,,
,,,Dolce & Gabbana,,,,,,,,,,,,,,,,,Dior,
,,,,,,,,,,,,,,,,,,,,,
Hermès,,,,,,,,,,,,,,,,,,,,Chanel,
,,,,,,,Chrome Heart,,,,,,,,,,,,,Hermes,
,,,,,,,,,,,,,,,,,,,,,
,,,,,,,,,,,,,,,,,,,,,
,,,,,,,,,,,,,,,,,,,,,
,,,,,,,,,,,Christian Dior,,,,,,,,,Christian Dior ,
,,,,,,,,,,,,,,,,,,,,,
,,,,,,,,,,,Chanel,Gucci,inner lining houndstooth,,,,,Louboutin,Jimmy Choo,Louis Vuitton,
,,,,,,,,,,,,,,,,,,,,,
,,,,,,,,,,,,,,,,,,,,,
,Gucci,,,,,,,,,,,,,,,,,,,Hermes ,
,,,,,Fedi,,,,,,,,,,,,,Fedi,,Dior,
,,,,,,,,,,,,,,,,,,,,,
Dior,,,,,,,,,,,Balenciaga,Burberry,Trench,,,,,Gucci,,Dior,
,,,,,,,,,,,,,,,,,,,,,
,,,,,,,,,,,Chanel,,,,,,,Gucci,,,
,,,Fendi,,,,,,,,,,,,,,,,,Saint Laurent,
,,,Burberry,,,,,,,,,,,,,,,Louis Vuitton,,,
,,,Louis Vuitton,,,,,,,,,,,,,,,Chanel,,Chanel,
,,,,,,,,,Stella McCartney,,,,,,,,,,,Ferragamo ,
,,,,,,,,,,,,,,,,,,,,,
,,,,,Dior,,,,,,Chanel,,,,,,,,,Chanel,
Gucci,,,,,,,,,,,,,,,,,,,,Hermès,
,,,,,Miu Miu,,,,,,,,,,,,,Miu Miu,,,
Fendi,,,,,,,,,,,,,,,,,,Hermès,,,
,,,,,,,,,,,Burberry,,,,,,,,,Givenchy,
,,,,,,,,,,,Chanel,,,,,,,,,Hermès,
,,,,,,,Gucci,,,,,,,,,,,Fendi,Valentino,Dior,
,,,,,,,,,Versace,,,,,,,,,Valentino,Giuseppe Zanotti,,
,,,Gucci,Gucci,,,,,,,,,,,,,,,,Chanel,Chanel 
,,,,,,,,,,,,,,,,,,,,,
,,,,,,,,,,,,,,,,,,,,,
,,,,,Balenciaga,,,,,,,,,,,,,,,Dior,
Fendi,,,,,,,,,,,,,,,,,,,,Chanel ,
,,,,,,,,,,,Saint Laurent,,,,,,,Chanel,,Chanel,
,,,,,,,,,,,,,,Fendi,One piece,,,Chanel,,,
,,,,,,,,,,,Prada,,,,,,,Chanel,,Chanel ,
,,,,,,,,,,,Balenciaga,,,,,,,,,YSL,
,,,,,,,,,,,Burberry,,,,,,,,,Louis Vuitton,
,,,,,,,,,,,,,,,,,,,,,
,,,,,,,,,,,,,,,,,,,,,
Dolce & Gabbana,,,,,,,,,,,,,,,,,,,,Hermès,
,,,,,,,,,,,,,,,,,,,,,
Versace,,,,,,,,,,,,,,,,,,Chanel,,Dior,
Balmain,,,,,,,,,,,,,,,,,,,,Chanel ,
Prada,,,,,,,,,,,,,,,,,,Balenciaga ,,,
,Prada,,,,Prada,,,,,,,,,,,,,,,Bottega Veneta,
Chanel,,,,,,,,,,,,,,,,,,Chanel,,Chanel ,
,,,,,,,,,,,Chanel,,,,,,,Fendi,,,
,,,,,Gucci,,,,,,,,,,,,,,,Chanel ,
,,,,,,,,,,,,,,,,,,,,,
,,,,,,,,,,,,,,,,,,,,,
,,,Valentino,,,,,,,,,,,,,,,Dior,,,
Monique Lhuillier,Givenchy,,,,,,Saint Laurent,Gucci,,,,,,,,,,Gucci,Givenchy ,YSL,Gucci
,,,,,,,Balenciaga,,,,,,,,,,,Dior,,Chanel,Louis Vuitton 
Chanel,,,,,,,,,,,Chanel,Dior,"Black, Short",,,,,Hermes,Valentino,Hermès,
Dolce & Gabbana,,,,,,,,,,,,,,,,,,,,Balmain,Chanel
,,,Gucci,,,,,,,,Prada,,,,,,,Valentino,Jimmy Choo,Chanel,Dior
Chanel,Dior,,,,,Cardiagan,,,,,,,,,,,,Chanel ,,Chanel,Celine
,,,,,Gucci,,,,,,,,,,,,,YSL,Prada,,
,,,,,,,Burberry,,,,Burberry,,,,,,,Fendi,Hermes,Chanel,
,,,Louis Vuitton,,,,,,,,,,,,,,,,,Louis Vuitton,Louis Vuitton
Miu Miu,,,,,,,,,,,,,,,,,,Gucci,,,
,,,Burberry,,,,,,,,,,,,,,,,,Louis Vuittion,
,,,,,,,,,,,,,,,,,,,,,
,,,Burberry,,,,,,,,,,,,,,,Louis Vuitton,,,
,,,Burberry,,,,,,,,,,,,,,,,,Chanel,
,,,,,,,,,,,Brunelleschi,,,,,,,Gucci,,Loewe,Chanel
,,,Gucci ,,,,,,,,,,,,,,,,,Bottegga Veneta,Prada
,,,,,,,,,Dolce & Gabbana,,Dolce & Gabbana,,,,,,,Valentino,,YSL ,Chanel
,,,Balmain,,,,,,,,,,,,,,,,,Hermès,
,,,Chloe,,,,,,,,,,,,,,,,,Celine,Bottega Veneta
,,,,,,,,,,,,,,,,,,,,,
,,,,,,,,,,,Burberry,,,,,,,,,Louis Vuitton,
,,,,,,,,,,,,,,,,,,,,,
,,,,,,,Valentino,,,,,,,,,,,Dior,,Chanel,
,,,,,Burberry,,,,,,,,,,,,,Chanel,,,
,,,,,,,,,,,Burberry,,,,,,,Christian Louboutin,,Louis Vuittion,
,,,,,Fendi,,,,,,,,,,,,,,,Gucci,
,,,Gucci,,,,,,,,,,,,,,,Gucci,,,
,,,,,,,,,,,Burberry,Burberry,"Hooded, Quilted",,,,,Valentino,Valentino,Gucci,Louis Vuitton
,,,Versace,,,,,,,,,,,,,,,,,Louis Vuittion,
,,,,,,,,,,,,,,,,,,,,,
,,,,,,,,,,,,,,,,,,Salvatore Ferrgamo,,,
Chanel,,,,,,,,,,,,,,,,,,Valentino,Chanel,,
,,,,,,,,,,,Burberry,,,,,,,Giannvito Rossi,,,
,,,,,,,,,,,Chanel,,,,,,,,,Hermes,
,,,,,,,,,,,Burberry,,,,,,,,,Hermes,
,,,Balmain,,,,,,,,,,,,,,,Louboutin ,,Chanel,Dior
,,,,,The Row,,,,,,,,,,,,,,,Hermes,
,,,,,,,,,,,Burberry,,,,,,,Gucci,,,
,,,,,,,,,,,Guccie,,,,,,,Valentino,,,
,,,,,Brunello Cucinelli,,,,,,,,,,,,,,,Hermes,
Alexander McQueen,,,,,,,,,,,,,,,,,,Saint Laurent,Jimmy Choo,Celine,Celine 
,,,,,,,,,,,,,,,,,,,,,
,,,Louis Vuitton,,,,,,,,,,,,,,,Louboutin ,,Louis Vuitton ,
Proenza Schouler,,,,,,,,,,,,,,,,,,Chanel,,,
,,,,,,,,,,,Gucci,,,,,,,,,Hermes ,
,,,,,,,,,,,Balmain,,,,,,,Manolo Blahnik,,,
,,,Gucci,,,,,,,,,,,,,,,,,Louis Vuitton ,
,,,,,,,,,,,,,,,,,,,,,
Gucci,,,,,,,,,,,,,,,,,,Saint Laurent,,Gucci ,
,,,,,,,,,,Nylon Shorts,Moncler,,,Versace,Cut out,,,Chanel,,Louis Vuitton,Prada
,,,,,,,,,,,,,,,,,,,,,
,,,Isabel Marant,,,,,,,,,,,,,,,,,Chanel,
,,,,,,,,,,,Christian Dior,,,,,,,Chanel,,Chanel,
Prada,,,,,,,,,,,Chanel,,,,,,,Prada,,Chanel,
,,,Gucci,,,,,,,,,,,,,,,,,Burberry,Louis Vuitton
,,,,,,,,,,,Balmain,,,,,,,,,Fendi,
,,,Balenciaga,,Christian Dior,,Balenciago,,,,,,,,,,,,,Prada,
,,,Versace,,Chanel,,,,,,Alexander McQueen ,,,,,,,Dior,Bottega Veneta,Hermes,
Lanvin,,,,,,,,,,,,,,,,,,Hermes,,Chanel,
,,,Burberry,,,,,,,,,,,,,,,,,Louis Vuitton,
,,,,,,,Gibenchy,,,,,,,,,,,Balenciaga,Chanel,Fendi,
,,,Balenciaga,,,,,,,,,,,,,,,Gucci,,Prada,
,,,,,,,,,,,,,,,,,,Chanel,Prada,Dior,
Giorgio Armani,,,,,,,,,,,Burberry,,,,,,,Hermes,,Hermes,
,,,,,Chanel,,,,,,,,,,,,,,,Chanel ,Hermes
Dolce and Gabbana,,,,,,,YSL,,YSl,,,,,,,,,,,YSL,Chanel
,,,,,,,,,,,,,,,,,,,,,
,,,,,,,,,,,Burberry,,,,,,,Prada,,,
Hermes,,,,,,,Gucci,,,,,,,,,,,Manolo ,Manolo Hangisi Satin Heels,Hermes,Hermes
,,,,,,,,,,,,,,,,,,,,,
,,,,,,,,,,,Burberry,,,,,,,,,Louis Vuitton,
Fendi,,,,,,,,,,,,,,,,,,,,Chanel,
Dolce & Gabbana,,,,,,,,,,,,,,,,,,,,Chanel,Hermes
,,,,,Chanel,,,,,,,,,,,,,,,Chanel,
,,,,,Prada,Prada,,,,,,,,,,,,Hermes,Chanel ,Chanel,
,,,,,,,,,,,Chanel,,,,,,,Gucci,,,
,,,,,,,,,,,,,,,,,,,,,
,,,,,Balenciaga,,,,,,,,,,,,,,,Gucci,
Chanel,,,,,,,,,,,,,,,,,,Gucci,Fendi,Chanel,
,,,,,,,,,,,Burberry,,,,,,,Manolo,,Chanel,
,,,Versace,,,,,,,,,,,,,,,,,Chanel,
,,,,,,,,,Versace,,,,,,,,,,,Fendi,
,,,,,,,,,,,Prada,,,,,,,,,Louis Vuitton,
,,,,,,,,,,,Giorgio Armani,,,,,,,Chloe,,,
,,,,,Chanel ,,,,,,,,,,,,,,,Hermes,
,,,,,Brunello Cuccinelli,,,,,,,,,,,,,,,Hermes,
,,,,,,,,,,,Prada,,,,,,,,,Hermes,
,,,,,,,,,,,Burberry,,,,,,,Chanel,,,
Chanel,,,Balmain ,,,,,,,,,,,Dolce & Gabbana,Strapless,,,Chanel ,,Chanel ,
,,,,,Celine,,,,,,,,,,,,,,,Guccie,
,,,,,,,,,,,YSL,Fendi,Red hooded,,,,,Gucci,Chanel,Chanel ,Dior
,,,,,,,,,,,,,,,,,,,,,
Versace,,,,,,,,,,,,,,,,,,Fendi,Gucci,Louis Vuitton ,Chanel
,,,,,Gucci,,,,,,Gucci,,,,,,,Dior,,Dior,
Balenciaga,,,,,,,,,,,,,,,,,,Gucci,,,
,Dolce & Gabbana,,,,,,,,,,,,,,,,,Dolce & Gabbana,Prada,,
,,,,,,,,,,,Burberry ,,,,,,,,,Chanel,
,,,,,,,,,,,Chanel,Chanel ,Lesage tweed cape jacket (vintage),,,,,,,Hermes,Hermes
,,,Gucci,,,,,,,,,,,,,,,,,Chanel ,Lois Vuitton 
,,,,,Gucci,,,,,,,,,,,,,Balenciaga,,,
,,,,,,,,,,,,,,,,,,,,,
,,,,,,,,,,,Chanel,,,,,,,,,Hermes ,
,,,Prada,,,,,,,,,,,,,,,YSL,,Chanel,
,,,Gucci,,,,,,,,,,,,,,,Valentino ,,Gucci,
,,,Gucci,,,,,,,,,,,,,,,Gucci,,Gucci,
,,,,,,,Dolce and Gabbana,,,,,,,,,,,,,Chanel,
The Row,,,Dolce & Gabbana,,,,,,,,Chanel,Max Mara,Dress Coat,,,,,Manolo Blahnik,,Hermes,Chanel 
,,,,,,,,,,,,,,,,,,,,,
,,,,,,,,,,,,,,Louis Vuitton ,Ombre Bikini,,,,,Louis Vuitton,
,,,Hermes,,,,,,,,,,,,,,,Chanel,,Chanel ,
,,,,,,,,,,,,Oversized ,,,,,,,,Chanel,
,,,,,,,,,,,,,,,,,,,,,
,,,,,,,Gucci,,,,,,,,,,,,,Gucci,
,,,,,,,,,,,Burberry,,,,,,,Gucci,Gucci ,Louis Vuitton,
,,,Loro Piana,,,,,,,,,,,Versace,Two piece,,,,,Dior,
,,,,,,,,,,,Burberry,,,,,,,Valentino,,,
,,,,,,,,,,,Chanel,,,,,,,Chanel,,,
,,,,,Balenciaga,,,,,,,,,,,,,Valentino,,,
Gucci,,,,,,,,,,,,,,,,,,Chanel,,,
Stella McCartney,,,,,,,,,,,,,,,,,,Aquazzura,YSL,Chanel,
,,,Gucci,,,,,,,,,,,,,,,,,Fendi,
,,,,,Stella McCartney,,,,,,,,,,,,,Chanel,Hermes,,
,,,,,Louis Vuitton,,,,,,,,,,,,,,,Dior,
,,,,,,,Hermes,,,,,,,,,,,Chanel,,Hermes,
Armani,,,,,,,,,,,,,,,,,,Chanel,,Louis Vuitton,
,Balmain,,,,,,,,,,,,,,,,,,,Gucci,
,,,,,,,,,,,,,,,,,,,,,
,,,,,,,,,,,Chanel,,,,,,,Gucci,,,
,,,,,,,,,,,,,,,,,,,,,
,,,,,,,,,,,Burberry,,,,,,,,,Givenchy,Louis Vuitton
,,,,,Chanel ,,,,,,Chanel,,,,,,,Louis Vuitton,Chanel,,
,,,,,,,,,,,YSL,,,,,,,Chanel,,,
,,,Burberry,,,,,,,,,,,,,,,Louboutin,,,
,,,,,,,,,,,Gucci,,,,,,,Chanel,Chanel,Chanel,Chanel
,,,,,,,,,,,Fendi,,,,,,,,,Fendi,Dior
,,,YSL,,,,,,,,,,,,,,,YSL,Valentino,Celine,
,,,,,,,,,,,,,,,,,,,,,
,,,,,,,,,,,,,,,,,,,,,
,,,,,,,,,,,,,,,,,,,,Bottega,
Balmain,,,,,,,,,,,,,,,,,,,,Chanel,
,,,,,,,,,,,Burberry,,,,,,,Valentino,,YSL,
,,,Attico,,,,,,,,Balenciago,,,,,,,,,Bottega,
,,,,,,,,,,,,,,,,,,,,,
,,,,,,,,,Chanel,,,,,,,,,,,Hermes,
,,,,,,,,,,,,,,,,,,,,,
,,,Dior,Balmain,,,,,,,,,,,,,,Hermes ,Chanel Slides,,
,,,Chanel,,,,,,,,,,,,,,,Chanel,,Hermes,
,,,,,,,,,,,Gucci,,,,,,,,,Chanel,
,,,,,,,,,,,Gucci,,,,,,,,,Prada,Chanel 
,,,,,,,,,,,Balmain,,,,,,,,,Hermes,Hermes
,,,Balmain,,,,,,,,,,,,,,,Chanel,,Saint Laurent ,
,,,,,Armani,,,,,,,,,,,,,Saint Laurent ,,,
Gucci,,,,,,,,,,,,,,,,,,,,Christian Dior,
,,,,,,,,,Armani,,St John Topper,Max Mara,Black and white pattern,,,,,,,Louis Vuitton,
,,,Dolce & Gabbana,,Gucci,,,,,,Saint Laurent,,,,,,,Chanel,Louis Vuitton,Hermes,
,,,,,,,,,,,,,,Fendi,"One piece, logo",,,Prada,,,
,,,,,,,,,,,,White quilted,,,,,,,,YSL,Gucci
,,,The Row,Saint Laurent,,,,,Brunello Cucinelli,,,,,,,,,Manolo Blahnik,Chanel ,,
,,,,,,,,,,,Celine,,,,,,,Fendi,,,
,,,,,,,,,,,,,,,,,,,,,
,,,,,,,,,,,Fendi,,,,,,,,,Hermes,Chanel
,,,,,,,,,,,Balmain,Dior,Cape,,,,,Chanel,Manolo ,Hermes,
,,,,,,,,,,,Burberry,,,,,,,,,YSL ,
Dolce & Gabanna,,,,,,,,,,,,,,,,,,,,Bottega Veneta,
Dress Brand #2,,,,,Prada,,,,,,,,,,,,,,,Hermes,
Celine,,,Balmain,,,,,,,,,,,,,,,,,YSL ,
Hermès,,,,,Burberry,,,,,,,,,,,,,Gucci,,Chanel,
,,,,,Balenciaga,,,,,,,,,,,,,,,Hermes,Hermes
,,,,,,,,,,,,,,,,,,,,,
,,,,,,,,,,,,,,,,,,,,,
,,,,,,,,,,,,,,,,,,,,,
,,,,,,,,,,,,,,,,,,,,,
,,,,,,,,,,,,,,,,,,,,,
,,,,,,,,,,,,,,,,,,,,,
,,,,,,,,,,,,,,,,,,,,,
,,,,,,,,,,,,,,,,,,,,,
,,,,,,,,,,,,,,,,,,,,,
,,,,,,,,,,,,,,,,,,,,,
,,,,,,,,,,,,,,,,,,,,,
,,,,,,,,,,,,,,,,,,,,,
,,,,,,,,,,,,,,,,,,,,,
,,,,,,,,,,,,,,,,,,,,,
,,,,,,,,,,,,,,,,,,,,,
,,,,,,,,,,,,,,,,,,,,,
,,,,,,,,,,,,,,,,,,,,,
,,,,,,,,,,,,,,,,,,,,,
,,,,,,,,,,,,,,,,,,,,,
,,,,,,,,,,,,,,,,,,,,,
Sain Laurent,,,,,,,,,,,,,,,,,,,,,
,,,,,,,,,,,,,,,,,,,,,
,,,,,,,,,,,,,,,,,,,,,
,,,,,,,,,,,,,,,,,,,,,
,,,,,,,,,,,,,,,,,,,,,
,,,,,,,,,,,,,,,,,,,,,
,,,,,,,,,,,,,,,,,,,,,
,,,,,,,,,,,,,,,,,,,,,
,,,,,,,,,,,,,,,,,,,,,
,,,,,,,,,,,,,,,,,,,,,
,,,,,,,,,,,,,,,,,,,,,
,,,,,,,,,,,,,,,,,,,,,
,,,,,,,,,,,,,,,,,,,,,
,,,,,,,,,,,,,,,,,,,,,
,,,,,,,,,,,,,,,,,,,,,
,,,,,,,,,,,,,,,,,,,,,
,,,,,,,,,,,,,,,,,,,,,
,,,,,,,,,,,,,,,,,,,,,
,,,,,,,,,,,,,,,,,,,,,
,,,,,,,,,,,,,,,,,,,,,
,,,,,,,,,,,,,,,,,,,,,
,,,,,,,,,,,,,,,,,,,,,
,,,,,,,,,,,,,,,,,,,,,
,,,,,,,,,,,,,,,,,,,,,
,,,,,,,,,,,,,,,,,,,,,
,,,,,,,,,,,,,,,,,,,,,
,,,,,,,,,,,,,,,,,,,,,
,,,,,,,,,,,,,,,,,,,,,
,,,,,,,,,,,,,,,,,,,,,
,,,,,,,,,,,,,,,,,,,,,
,,,,,,,,,,,,,,,,,,,,,
,,,,,,,,,,,,,,,,,,,,,
,,,,,,,,,,,,,,,,,,,,,
,,,,,,,,,,,,,,,,,,,,,
,,,,,,,,,,,,,,,,,,,,,
,,,,,,,,,,,,,,,,,,,,,
,,,,,,,,,,,,,,,,,,,,,
,,,,,,,,,,,,,,,,,,,,,
,,,,,,,,,,,,,,,,,,,,,
,,,,,,,,,,,,,,,,,,,,,
,,,,,,,,,,,,,,,,,,,,,
,,,,,,,,,,,,,,,,,,,,,
,,,,,,,,,,,,,,,,,,,,,
,,,,,,,,,,,,,,,,,,,,,
,,,,,,,,,,,,,,,,,,,,,
,,,,,,,,,,,,,,,,,,,,,
,,,,,,,,,,,,,,,,,,,,,
,,,,,,,,,,,,,,,,,,,,,
,,,,,,,,,,,,,,,,,,,,,
,,,,,,,,,,,,,,,,,,,,,
,,,,,,,,,,,,,,,,,,,,,
,,,,,,,,,,,,,,,,,,,,,
,,,,,,,,,,,,,,,,,,,,,
,,,,,,,,,,,,,,,,,,,,,
,,,,,,,,,,,,,,,,,,,,,
,,,,,,,,,,,,,,,,,,,,,
,,,,,,,,,,,,,,,,,,,,,
,,,,,,,,,,,,,,,,,,,,,
,,,,,,,,,,,,,,,,,,,,,
,,,,,,,,,,,,,,,,,,,,,
Valentino,,,,,,,,,,,,,,,,,,,,,
,,,,,,,,,,,,,,,,,,,,,
,,,,,,,,,,,,,,,,,,,,,
,,,,,,,,,,,,,,,,,,,,,
,,,,,,,,,,,,,,,,,,,,,
,,,,,,,,,,,,,,,,,,,,,
,,,,,,,,,,,,,,,,,,,,,
,,,,,,,,,,,,,,,,,,,,,
,,,,,,,,,,,,,,,,,,,,,
,,,,,,,,,,,,,,,,,,,,,
,,,,,,,,,,,,,,,,,,,,,
,,,,,,,,,,,,,,,,,,,,,
,,,,,,,,,,,,,,,,,,,,,
,,,,,,,,,,,,,,,,,,,,,
,,,,,,,,,,,,,,,,,,,,,
,,,,,,,,,,,,,,,,,,,,,
,,,,,,,,,,,,,,,,,,,,,
,,,,,,,,,,,,,,,,,,,,,
,,,,,,,,,,,,,,,,,,,,,
,,,,,,,,,,,,,,,,,,,,,
,,,,,,,,,,,,,,,,,,,,,
,,,,,,,,,,,,,,,,,,,,,
,,,,,,,,,,,,,,,,,,,,,
,,,,,,,,,,,,,,,,,,,,,
,,,,,,,,,,,,,,,,,,,,,
,,,,,,,,,,,,,,,,,,,,,
,,,,,,,,,,,,,,,,,,,,,
,,,,,,,,,,,,,,,,,,,,,
,,,,,,,,,,,,,,,,,,,,,
,,,,,,,,,,,,,,,,,,,,,
,,,,,,,,,,,,,,,,,,,,,
,,,,,,,,,,,,,,,,,,,,,
,,,,,,,,,,,,,,,,,,,,,
,,,,,,,,,,,,,,,,,,,,,
,,,,,,,,,,,,,,,,,,,,,
,,,,,,,,,,,,,,,,,,,,,
,,,,,,,,,,,,,,,,,,,,,
Stella McCartney,,,,,,,,,,,,,,,,,,,,,
,,,,,,,,,,,,,,,,,,,,,
,,,,,,,,,,,,,,,,,,,,,
,,,,,,,,,,,,,,,,,,,,,
,,,,,,,,,,,,,,,,,,,,,
,,,,,,,,,,,,,,,,,,,,,
,,,,,,,,,,,,,,,,,,,,,
,,,,,,,,,,,,,,,,,,,,,
,,,,,,,,,,,,,,,,,,,,,
,,,,,,,,,,,,,,,,,,,,,
,,,,,,,,,,,,,,,,,,,,,
,,,,,,,,,,,,,,,,,,,,,
,,,,,,,,,,,,,,,,,,,,,
,,,,,,,,,,,,,,,,,,,,,
,,,,,,,,,,,,,,,,,,,,,
,,,,,,,,,,,,,,,,,,,,,
,,,,,,,,,,,,,,,,,,,,,
,,,,,,,,,,,,,,,,,,,,,
,,,,,,,,,,,,,,,,,,,,,
,,,,,,,,,,,,,,,,,,,,,
,,,,,,,,,,,,,,,,,,,,,
,,,,,,,,,,,,,,,,,,,,,
,,,,,,,,,,,,,,,,,,,,,
,,,,,,,,,,,,,,,,,,,,,
,,,,,,,,,,,,,,,,,,,,,
,,,,,,,,,,,,,,,,,,,,,
,,,,,,,,,,,,,,,,,,,,,
,,,,,,,,,,,,,,,,,,,,,
,,,,,,,,,,,,,,,,,,,,,
,,,,,,,,,,,,,,,,,,,,,
,,,,,,,,,,,,,,,,,,,,,
,,,,,,,,,,,,,,,,,,,,,
,,,,,,,,,,,,,,,,,,,,,
,,,,,,,,,,,,,,,,,,,,,
,,,,,,,,,,,,,,,,,,,,,
,,,,,,,,,,,,,,,,,,,,,
,,,,,,,,,,,,,,,,,,,,,
,,,,,,,,,,,,,,,,,,,,,
Chanel,,,,,,,,,,,,,,,,,,,,,
,,,,,,,,,,,,,,,,,,,,,
,,,,,,,,,,,,,,,,,,,,,
,,,,,,,,,,,,,,,,,,,,,
,,,,,,,,,,,,,,,,,,,,,
,,,,,,,,,,,,,,,,,,,,,
,,,,,,,,,,,,,,,,,,,,,
,,,,,,,,,,,,,,,,,,,,,
,,,,,,,,,,,,,,,,,,,,,
,,,,,,,,,,,,,,,,,,,,,
,,,,,,,,,,,,,,,,,,,,,
,,,,,,,,,,,,,,,,,,,,,
,,,,,,,,,,,,,,,,,,,,,
,,,,,,,,,,,,,,,,,,,,,
,,,,,,,,,,,,,,,,,,,,,
,,,,,,,,,,,,,,,,,,,,,
,,,,,,,,,,,,,,,,,,,,,
,,,,,,,,,,,,,,,,,,,,,
,,,,,,,,,,,,,,,,,,,,,
,,,,,,,,,,,,,,,,,,,,,
,,,,,,,,,,,,,,,,,,,,,
,,,,,,,,,,,,,,,,,,,,,
,,,,,,,,,,,,,,,,,,,,,
,,,,,,,,,,,,,,,,,,,,,
,,,,,,,,,,,,,,,,,,,,,
,,,,,,,,,,,,,,,,,,,,,
,,,,,,,,,,,,,,,,,,,,,
,,,,,,,,,,,,,,,,,,,,,
,,,,,,,,,,,,,,,,,,,,,
,,,,,,,,,,,,,,,,,,,,,
,,,,,,,,,,,,,,,,,,,,,
,,,,,,,,,,,,,,,,,,,,,
,,,,,,,,,,,,,,,,,,,,,
,,,,,,,,,,,,,,,,,,,,,
,,,,,,,,,,,,,,,,,,,,,
,,,,,,,,,,,,,,,,,,,,,
,,,,,,,,,,,,,,,,,,,,,
,,,,,,,,,,,,,,,,,,,,,
,,,,,,,,,,,,,,,,,,,,,
,,,,,,,,,,,,,,,,,,,,,
,,,,,,,,,,,,,,,,,,,,,
Tom Ford,,,,,,,,,,,,,,,,,,,,,
,,,,,,,,,,,,,,,,,,,,,
,,,,,,,,,,,,,,,,,,,,,
,,,,,,,,,,,,,,,,,,,,,
,,,,,,,,,,,,,,,,,,,,,
,,,,,,,,,,,,,,,,,,,,,
,,,,,,,,,,,,,,,,,,,,,
,,,,,,,,,,,,,,,,,,,,,
,,,,,,,,,,,,,,,,,,,,,
,,,,,,,,,,,,,,,,,,,,,
,,,,,,,,,,,,,,,,,,,,,
,,,,,,,,,,,,,,,,,,,,,
,,,,,,,,,,,,,,,,,,,,,
,,,,,,,,,,,,,,,,,,,,,
,,,,,,,,,,,,,,,,,,,,,
,,,,,,,,,,,,,,,,,,,,,
,,,,,,,,,,,,,,,,,,,,,
,,,,,,,,,,,,,,,,,,,,,
,,,,,,,,,,,,,,,,,,,,,
Overlay,,,,,,,,,,,,,,,,,,,,,