chanel buyer,age,city,ethnicity,group,definition
1,32,Anchorage,White,Under 40,A certain price point is definitely a major factor. Anything over $750 seems lux. Also exclusively. I like items that are somewhat hard to get. For example Chanel can‚Äôt be purchased online. That makes it more luxury to me. Also many luxury brands only make a limited number of items or for a certain season only. That makes them seem more Lux. I also like to buy things that I see people wearing on reality TV. I‚Äôm a major Bravo fan and get a lot of my luxury inspiration from what the housewives wear.
1,35,Atlanta,White,Under 40,"I believe a luxury fashion brands are good investment pieces that offers quality, uniqueness and holds resale value."
1,40,Atlanta,African American,40-60,Craftsmanship and unique pieces
0,28,Atlanta,White,Under 40,"The quality and craftsmanship of the products that the brand offers, also the level of service and attention that the sales associates provide. The ability to build relationships with the luxury brands. The artistic aspect¬†of the designs and attention to detail tend to be much better."
0,37,Atlanta,White,Under 40,"It‚Äôs the quality, the customer service and the longevity of the products. I have things that i wear from over 15 years ago that are just as good as my newer purchases."
0,42,Atlanta,White,40-60,"Statement pieces that will be around for a long time, quality"
0,29,Atlanta,White,Under 40,The pieces are classic and withstand time. They are about quality and not just what is trendy at the moment.
0,34,Atlanta,White,Under 40,"To me, a luxury fashion brand is lifestyle design through clothing, accessories & often other lifestyle pieces & wares compared with just selling ad how outfit pieces. Often, luxury fashion brands are also higher quality & longer lasting style."
0,36,Atlanta,White,Under 40,"in my opinion the things that primarily differentiates luxury fashion brands are listed below:

*   The Exclusivity of the pieces. Typically a designer will create seasonal pieces ( designs, colors, etc) that they will retire at the end of the season. Therefore it creates a sense of urgency for you to buy and uniqueness.
    
*   QUALITY, QUALITY!! The high quality of luxury brands are worth the investment. It‚Äôs so comforting to know that your leathered items are made with premium quality and carefully stitched, which in turn would lasts for years for proper care."
1,31,Austin,White,Under 40,"To me, a luxury brand is brand that has withstand the test of time and is iconic. Iconic in the sense that when you look at a piece of item, you can easily identify the brand. Some great examples of that would be the Chanel classic flap, Louboutins red sole, the Lonchamp tote, and Mulberry bayswater. The second important factor for me is quality. It has to be made to last and the item must have flawless craftsmanship. These are the two things that are important to me when it comes to luxury brands."
1,32,Baltimore,White,Under 40,"The quality, service and relationship are the most important factors. Service not just at the time of purchase but also if an issue arises, they stand by their product. For clothing, being able to alter and have the SA help with fit is very helpful. For shoes and bags, there is nothing more important than your relationship with your SA. Having that relationship is only possible in the luxury market."
0,48,Baltimore,White,40-60,"In my opinion the quality of the luxury brand is what makes the difference.
Louis Vuitton Neverfull"
0,41,Baltimore,White,40-60,"What differentiates a luxury fashion brand from other fashion brands to me is quality I have several luxury items that have stood the test of time. I also have a deep appreciation for their designs and colors. I can also sell items of luxury fashion brands that I no longer use. Plus, the packaging adds a nice touch as well."
0,52,Boston,Asian,40-60,"In my opinion, what differentiates a luxury fashion brand are the quality material and craftsmanship. Also just as important, the shopping experience from the interaction and training of store associates, follow up and aftermarket sales when necessary, and the overall experience with the brand."
0,33,Boston,White,Under 40,Quality and price
0,26,Boston,Asian,Under 40,"I would consider a luxury fashion brand one that creates art, not just clothing or accessories. This can be seen through luxury brand‚Äôs fashion shows as well as the high quality and careful thought that goes into the designs created and materials used."
1,41,Boston,White,40-60,"Couture houses, grew up looking at luxury fashion brands in Vogue."
0,47,Boston,Asian,40-60,"I think luxury brands are more about catering to classic and timeless designs. You can wear these brands anytime and almost anywhere and their easily recognizable and makes your whole outfit chic! I also love the fact that luxury items now hold much of their value particularly bags like chanel or Hermes. Some are even considered investment pieces . I also love VIP treatment of SA‚Äôs and the houses themselves to clients like us. We are often made to feel special and important whenever we shop, answering all our questions and being patient with us, especially during the pandemic when going to the store was not possible. Talking or texting my SA helped a lot! Luxury brands also know how to zhush up their Classic collections based on trends with limited-editions and collabs! It makes you covet more from a particular house all the time!"
0,46,Boston,White,40-60,I love that not everyone has my bags. I love limited editions. The quality and craftsmanship of designer items is what makes me want to buy them.
0,35,Boston,Asian,40-60,"It's the quality and craftsmanship. It's exclusivity. To me, luxury doesn't mean that everyone can get it. It's also great service."
0,41,Charlotte,White,40-60,"New Gucci shoes and socks
The quality of items is the major difference between high end luxury items and brands. They do not lose much in value."
0,41,Charlotte,White,40-60,Luxury fashion brands usually have better craftsmanship and are made with quality materials. I think my luxury items last longer.
1,46,Charlotte,White,40-60,"Timeless elegance, sustainability, and durability"
0,40,Charlotte,White,Under 40,"Luxury brands not only give a more redefined look, fashionably, but these items have a higher quality and also hold their value more than other brands."
1,41,Chicago,Asian,40-60,"Creativity, Design, Attention to detail and marketing, these differentiates the brands from one another and make them more desirable."
1,35,Chicago,White,Under 40,"They are all pieces of wearable, functional art. It‚Äôs truly something to collect and admire whether you‚Äôre using it or not. I love the design, the way the clothes hug your body, and how every piece is expertly designed. The craftsmanship will continue to make me a collector for life!"
1,51,Chicago,Asian,40-60,"Quality of material, design, history, scarcity"
1,25,Chicago,Asian,Under 40,"Jimmy chop patent mules
Valentino rock stud sandals
Jimmy choo heeled combat boots
Valentino wrap heeled sandal
Louboutin suede booties
Louboutin studded suede sandals
Dior small book tote Asian21 spring
Louboutin hot chick patent pumps"
1,38,Chicago,White,Under 40,Impeccable quality and style that lasts forever
1,33,Chicago,White,Under 40,I really appreciate the high quality and care that is put into luxury fashion brands. Even the luxe packaging is something that stands out to me from other fashion brands. I also appreciate the value of luxury items and the legacy they leave behind for future generations.
1,36,Chicago,White,Under 40,"Quality is far superior, styles are timeless, part of capsule wardrobe, history of brand / certain styles are both interesting and show how they will continue to stand the test of time."
1,44,Chicago,Asian,40-60,"Quality/craftsmanship, fit, aesthetic"
0,34,Chicago,Asian,Under 40,"The main differentiating factor of a luxury fashion brand is the quality of product that you are receiving. Simply touching a designer leather purse, you can feel how soft the high quality material is compared to any other brand. The luxury brands have a well-established reputation of providing superior products and innovative design that other brands can not provide. Every little detail, such as the seamwork of an article of clothing, is executed so perfectly that the items are more durable (if treated appropriately). The luxury brands also offer the individual a sense of status and uniqueness."
0,25,Chicago,White,Under 40,The quality of the item. The clothing/bag/ shoes stays in optimal condition and always looks brand new. They are pieces that I always look forward to wearing and feel confident in.
0,38,Chicago,White,Under 40,"I think it‚Äôs definitely exclusivity - the feeling that you‚Äôre being offered/buying something that the public doesn‚Äôt have ready or easy access to ... for sure.
I think with the big fashion houses, it‚Äôs important to build your relationship - as the years go by, you are offered better items more frequently - which helps you feel like you paid off the past ‚Äî if that makes sense ‚Äî"
0,47,Chicago,Asian,40-60,The reason I will purchase a luxury fashion brand over other fashion brands is for the quality. Each piece is an investment and I select items that are classic that will not only endure throughout the years (wear and tear) but also will never go out of style.
0,29,Chicago,White,Under 40,"The experience of buying in a luxury store vs. buying from a store that has racks of the same item.

The quality of the items can last a lifetime"
0,45,Chicago,White,40-60,The quality of the design and materials is much higher for designer clothing and accessories than other fashion brands. I prefer to have items that last than items that wear quickly. There is also a resale value to a birkin bag or luxury item versus an non luxury item.
1,49,Chicago,African American,40-60,My experience has been the quality is better and the styles are classic/timeless which works well for my style. I tend to buy clothes that aren‚Äôt trendy and shoes that tend to be the ‚ÄúWOW‚Äù factor. I also like the exclusivity of buying from luxury brands. Not everyone owns what I have.
0,37,Chicago,White,Under 40,Luxury items are well-made fashion pieces that retain their value.
0,37,Cincinnati,White,Under 40,The recognizable logo and the price
0,35,Cincinnati,White,Under 40,"Unique design, high quality and famous brand names"
0,34,Cleveland,White,Under 40,"Quality and aesthetic. The quality is really nice leather. And the aesthetic is how pleasing it looks to the eyes. Also the fact that i can afford it makes me feel special and proud of myself. I have all of my luxury things on display, I look at them every day and they make me happy"
0,43,Columbus,White,40-60,"I don‚Äôt want something everyone has. I like for my things to be exclusive. I don‚Äôt want my daughter to have something that African American% of the population can have. I work hard and I want nice things. Allie has always been a kid that others copy, when she was a toddler she work a lot of custom clothing. I like for people to look up to her
Louis Vuitton Felicie"
0,26,Dallas,White,Under 40,"The history and longevity of the brand make it trusted for quality and service, justifying the price."
0,30,Dallas,White,Under 40,Quality and timeless-ness.
1,52,Dallas,Asian,40-60,"Quality, branding, accessibility."
0,33,Dallas,White,Under 40,The craftsmanship/quality. The history. The unique and distinctive designs that catch people‚Äôs eye when you‚Äôre walking by. The feeling you get knowing you‚Äôre wearing something not everyone has. It‚Äôs all about exclusivity isn‚Äôt it??
0,23,Dallas,White,Under 40,"The brand strategy for luxury brands is different than other fashion brands. Luxury doesn‚Äôt meet a need or solve a problem, and so it is intrinsically wrong to position a luxury brand based on how it compares to its competitors. Luxury consumers aren‚Äôt interested in more features giving better value for money ‚Äì that‚Äôs a premium marketing angle. Luxury consumers want to know about a brand‚Äôs heritage, prestige and uniqueness; it‚Äôs identity which counts, rather than a competitive edge."
0,41,Dallas,White,40-60,"What differentiates luxury fast brands from other fashion brands is 1) the style, which I find to be more distinctive/unique, and 2) the craftsmanship, which i find to be more detailed & intricate."
0,29,Dallas,White,Under 40,"Better quality, looking to invest in long term pieces, develop a corporate wardrobe for the office, styles that will last more than one season"
0,59,Dallas,White,40-60,Quality and timeliness
0,43,Dallas,White,40-60,"quality

Class

Stand out"
1,40,Denver,White,40-60,"IMO the 3 major fashion conglomerates that produce 90% of the Luxury market share factories. They buy product product in China and assemble in Italy therefor being able to say the item was made in Italy. Kering, LVMH, Richemont.

Hermes and Chanel are still independent which shows in its quality and value retention.

When I buy a Birkin it‚Äôs going to keep, if not double or triple in value. When I buy a YSL Tote I‚Äôm losing my money and the item will soon be out of style.

Same with Chanel Classics. The price may be INSANE but the item will last for years and so will the style. I cannot say the same for Chloe, Givenchy, Gucci or Dolce and Gabbana Bags."
0,32,Detroit,White,Under 40,"Craftsmanship, Quality, Customer Experience from (in-person & online), Packaging and in some instances the brand‚Äôs storytelling through runway shows/ads etc."
0,57,Detroit,White,40-60,Quality of the product
1,35,Honolulu,Asian,Under 40,"Luxury has great quality, timelessness, and amazing long lasting client relationship. I can have rtw sent to my home to try and pay for what I keep. I can reserve items from runway, I can rely on craftsmanship and good tailoring and alterations. Also, items stand the test of wear and time. They look great years later with good maintenance. It‚Äôs worth the investment."
1,35,Honolulu,Asian,Under 40,"What differentiates luxury fashion houses from other fashion brands is of course quality, craftsmanship, after care services and I consider them long term investments. I also have good relationships with my SAs letting me know if something I might want arrived in their boutiques and reserving items for me until I can physically go."
1,43,Houston,Asian,40-60,"Luxury brand usually has more details. Also seasonal designs which are unique. Chanel has their fantasy tweed which is a really beautiful handwork piece. Dior likes their feminine soluette with the waist altered smaller and Dior‚Äôs knit work and crochet handwork are gorgeous.
Chanel and Herm√®s handbags last a long time! The stitching is tight and don‚Äôt come lose. Leather doesn‚Äôt peel."
1,25,Houston,White,Under 40,"For me personally what differentiates a luxury fashion brand are several factors. First and foremost is quality, the durability of an item is dependent on the quality of the item. I always research the materials the item is made out of not only for my personal knowledge but also to know what I am buying, how to care for it, durability, and if I am getting ripped off. I like to make sure that the luxury item I am paying for is actually luxurious and not cheaply made with cheap materials. I also like to make sure that if I am spending a lot of money I want it to be on something that is timeless and can last for my daughters to one day inherit. Another thing that is important to me is customer service, how you are treated at the store and if they have good service. I also like the items to be exclusive and not something everyone can get their hands on. I also like to buy from brands that have a fair return policy in case I don‚Äôt end up liking the item. But the biggest thing after quality has to be customer service. It has happened that I go into a store wanting to buy an item but if I am not treated correctly and nicely by the sales associate I will not buy anything. It also is really frustrating to get a sales associate who doesn‚Äôt know much about the brand."
1,47,Houston,White,40-60,"For me, luxury items are expensive, limited quantities, and items I see in Vogue, editorials, or celebrities"
0,52,Houston,None,40-60,The designer pieces are more creative and timeless. The quality is superior. They can be an investment (for example Chanel or Hermes bags) and could be passed through generation.
0,53,Houston,Asian,40-60,"A luxury brand has good quality materials, good fit, identifiable brand style or logo, proper packaging/presentation and excellent service that presents a memorable boutique experience."
0,39,Houston,White,Under 40,"Quality, exclusivity, and the established fashion houses. I prefer not to have what everyone else has, hence the fact that I‚Äôm venturing more into Herm√®s and Chanel. I see so many people wearing Louis Vuitton these days."
0,33,Houston,Hispanic,Under 40,Luxury brands have an immediate recognizability that you do not get from other fashion brands. They connote a certain amount of style by the wearer and have the added bonus of being durable.
0,42,Houston,White,40-60,"To me, the difference between luxury fashion and regular fashion is the quality and the exclusivity. Luxury items have a longer life because they are made better and designers stand behind their items, so if there is a problem they are more apt to make it right. Fashion is everywhere but luxury isn't and that's why I love it."
0,46,Jacksonville,White,40-60,The boutique experience and the overall quality! LV‚Äôs material lasts for decades and so does Gucci‚Äôs canvas. Once protected the Louboutin‚Äôs become a staple when paired with a less expensive dress or jeans.
0,40,Kansas City,White,40-60,"A luxury fashion brand gives the ultimate in exclusivity and service. A luxury fashion brand have beautiful boutique where you don‚Äôt just shop, you get to experience the brand lifestyle. In addition, the items sold by luxury brands are high quality, hard to acquire (price, rarity), and only sold in boutiques. The packaging is beautiful. They take care of their customers and stand behind their products. You don‚Äôt get that from non luxury brands."
1,29,Las Vegas,White,Under 40,"Price and exclusivity, knowing that not everyone will be able to buy it. Also that pieces are limited so even if you have money to buy it it‚Äôs not available. What makes Herm√®s so appealing to me is that even of you have the money to buy it doesn‚Äôt mean you will get it. That‚Äôs true luxury to me."
1,32,Los Angeles,White,Under 40,"The biggest difference between luxury brands and non luxury brands are that I believe luxury brands make statements, and the quality will most likely last you a life time compared to a non luxury item. I also love the idea of many luxury items being more exclusive and not loosing there values."
1,47,Los Angeles,White,40-60,"It is a statement for a women . After getting married you want to stand up and by having luxury brand show that you are successful and follow trend . Some designers like Chanel is investment , it doesn‚Äôt loose the value .

Luxury brand usually is made of fine and durable quality .
Valentino shoes"
0,43,Los Angeles,White,40-60,"The quality of fabric and materials as well as superior craftsmanship that does not fall apart and can handle being cleaned without losing its color or shape and frame . Design that fits well and can be tailored to your body compared to cheaper products that don‚Äôt fit the body well. Original and unique pieces that are timeless compared to off brand that is just trendy for today.
N/a"
0,41,Los Angeles,White,40-60,"Quality and scarcity. It should feel luxurious, and not like every third person on the street has the same thing"
1,29,Los Angeles,White,Under 40,"The experience of locating the merchandise and representation of getting it, the quality of the item for the cost as well as longevity of having it and/passing it down"
0,40,Los Angeles,White,40-60,"Designer brands are statement piece. They give me confidence, and tell the world, ‚ÄúI‚Äôve made it‚Äù. The quality is unmatched and I consider all my luxury brands an investment."
1,42,Los Angeles,Asian,40-60,I think the main difference is the unique designs that you get from Luxury fashion houses as well as the quality. I still use my Chanel jumbo from 15 years ago for instance.
0,39,Los Angeles,White,Under 40,"Quality and service, longevity of product"
1,44,Los Angeles,White,40-60,"Exclusivity, quality and craftsmanship. The history and prestige of the brand. A luxury brand will offer a consumer a unique and impeccable shopping experience. ¬†Being able to build relationships with my SA‚Äôs throughout the different luxury brands that I shop at is something I don‚Äôt get with other brands"
1,36,Los Angeles,White,Under 40,"in my opinion, luxury fashion brands tend to stay as classics and last much longer than other brands. Also, the quality of fabric and material used in luxury fashion brands have a different feel than of others."
1,32,Los Angeles,White,Under 40,Value in the brand. Luxury items are something that hold their value really well. We‚Äôve seen this with a lot of styles resurfacing (ie Prada re-edition and dior saddle are both bags I had in high school and now I‚Äôm in my 30s and they‚Äôre back in style). The quality is long lasting and something I would hope to pass on to my daughters one day. Luxury items are classics and never go out of style like trendy items and they carry sentimental value. For instance I have a silk Oscar de la renta scarf my mom passed down to me. One day I hope she will also let go of her lady dior bag!
1,43,Los Angeles,Asian,40-60,"I view certain designer brands as timeless and an ‚Äúasset‚Äù for my wardrobe. I think about how I want to wear each piece for 5-10 years, and how good I feel wearing it even if the cost per wear is high. Other fashion brands come and go for me, and I don‚Äôt expect to wear them for more than a season or two. In the last 5 years, I have tried really hard not to buy other brands and only use it to fill a void which designer brands don‚Äôt have such as a plain white T or denim or a passing trend."
1,36,Los Angeles,White,Under 40,Luxury fashion brands are timeless and classic. Will always be in style. They have better quality.
1,47,Los Angeles,Asian,40-60,"Quality, unique design, history and mystique of the fashion house
Seeing famous or beautiful people on IG wear the outfits
Knowing the company supports charitable causes"
1,30,Los Angeles,White,Under 40,"The difference between a luxury brand from other fashion houses is quality, exclusivity, price, availability, and the way it is produced. Quality being the most important, as other brands use cheaper materials and mass produce their items by machine, which make available to anyone and everyone, losing its value. Luxury brands hand make their items with higher quality, there fore pieces are more limited, which makes it more expensive, and more exclusive."
1,35,Los Angeles,White,Under 40,"The material, fabric, design, cut."
1,34,Los Angeles,White,Under 40,I believe luxury brand is always in style and definitely holds its value
1,55,Los Angeles,Asian,40-60,"Design: each luxury fashion brand has timeless design. Chanel: four pocket design jacket, quilted bag, chain, camellia

Gucci: 3 colors tape,

Christian Dior: forget me nuts, the silhouette(high small waist)

Fendi: two color (beige and black), stripe, beautiful fur collection

Quality is high! you see the excellent craftsmanship. Their pieces are masterpieces:

Chanel: tweed is leakage, details of thread and material is very selected, fashion Jewelly is also very well created

Fendi: their fur collection or fur trimmed coat are outstanding looks and color is amazing

Their monster collection becomes hip and cool for the men

So we know there is a value for the each of merchandise.

It almost feel like an investment.

On the other hands, the other ordinary brands are just consumable."
1,43,Los Angeles,White,40-60,"I prefer luxury fashion more than fashion brands because1. Quality 2. Exclusive, limited edition items 3. Holds resale value, like Hermes bags 4. After sales purchase"
1,37,Los Angeles,White,Under 40,"A luxury brand is unique, iconic, and definitely distinguishing from other brands. Whenever I put on a designer item, whether its clothing, shoes, or one of my purses, I feel like a million dollars! The fact that its exclusive is everything to me. When an item is easily accessible to everyone, I feel like it diminishes the value of it. I enjoy buying designer products for this reason... I feel like I work hard, and I want to enjoy the things I buy!!"
1,31,Los Angeles,White,Under 40,"Luxury fashion brands are not even comparable to other fashion brands. There is something about the way you feel when wearing nice clothing that has a name to it. In fact, it almost becomes an addiction to buy these items ! I love the way I look and feel when wearing designer, for that reason the elegance and class is what differentiates a luxury fashion brand from others."
1,31,Los Angeles,White,Under 40,The quality Of luxury fashion brands is much better and lasts a lifetime. The pieces can be worn over and over again and still maintain its condition. There is also prestige that is associated with a luxury fashion brands and it makes me feel good while I wear it
1,32,Los Angeles,White,Under 40,"Chanel espadrilles
Designer fashion brands provide a sense of style that is timeless and classic. You can style them up and down and a pair well with basic clothing because they are the piece that stands out. The quality is great and you know that it will last forever Designer fashion brands provide a sense of style that is timeless and classic. You can style them up and down and they pair well with basic clothing because they are the piece that stands out. The quality is great and you know that it will last forever"
1,24,Los Angeles,White,Under 40,"Designer bags are truly timeless pieces that one can enjoy for the remainder of their life whereas a regular leather bag is bound to go out of style. Saving and spending a few hundred dollars more to buy a designer piece is truly worth every penny. The quality of designer items are almost always better than any regular item. The stitching, fabrics, leather are extremely unique and made to perfection. I love receiving endless compliments on the luxury items I buy, as it is so rewarding! I feel as if I can pass down my luxury bags, clothes, shoes, and accessories to many generations to come! Absolutely live by quality over quantity."
1,34,Los Angeles,Middle Eastern,Under 40,"Fabric, metal color, hardware, quality overall and design"
1,43,Los Angeles,White,40-60,"Luxury brands are better quality, better materials, the material used are more durable, long lasting, their design is unique."
1,37,Los Angeles,White,Under 40,"Quality, stitching, exclusivity, reputation, social status"
1,34,Los Angeles,White,Under 40,"I would define a luxury brand as a brand that makes products that are rare, unique, high quality and fashion forward. It‚Äôs expensive but doesn‚Äôt cost more than what it‚Äôs worth. They‚Äôre hard to find and access. A luxury brand should make you feel luxurious. They produce items you desire not items that you actually require. They make items you desire and will go to great lengths to find pieces you adore."
0,25,Los Angeles,White,Under 40,Unique pieces
0,36,Los Angeles,White,Under 40,"Luxury fashion brands typically provide the highest quality, fit, cut, and elegance, not to mention style."
0,27,Los Angeles,White,Under 40,"A luxury fashion brand offers quality that is far superior to the quality offered by ordinary brands. When purchasing a luxury product, you know that they stand by their product and you can receive help in the event that your item is damaged/breaks. Also, when purchasing luxury goods at a store you know you will get top notch service."
0,31,Los Angeles,Asian,Under 40,"Luxury items hold they value and can stay in fashion for a long period of time. Over time, their value can even go up. I have an old Chanel bag that was my moms and it now worth more than it was purchased for. Plus I work hard and enjoy treating myself to nice things."
0,24,Los Angeles,White,Under 40,I believe that quality and elegance of luxury brands are what makes them different. Luxury fashion brands are typically trend setters and other brands follow from them so I enjoy the originality
0,49,Los Angeles,Asian,40-60,The quality of designer brands vs non-designer brands is what separates designer pieces from the rest. You can see the quality in the stitching and materials that are used to make designer pieces. Designer clothing have a more tailored fit than clothing pieces that are not of a designer brand. I also love the fact that certain designer pieces are timeless and actually appreciate in value over time. You can have designer bags that last year after year and never goes out of style.
0,24,Los Angeles,White,Under 40,Luxury Fashion is an original concept/idea and other fashion brands try copying Luxury designer concepts. Where Luxury designer items are original ideas other fashion brands are just taking concepts - not original.
0,32,Los Angeles,White,Under 40,"This is the lady Dior handbag
What would differentiate a luxury Fashion brand from other fashion brands Is the quality craftsmanship and aesthetics of the item"
0,50,Los Angeles,White,40-60,The quality of craftsmanship. The on point trends. The cachet of the name and what it stands for.
0,41,Los Angeles,White,40-60,"I think a luxury brand is different from other brands for several reasons. First being exclusivity: it‚Äôs harder to attain and it‚Äôs typically at a higher price point that not all can attain. Second being quality:
The quality is typically higher than everyday to mid price brands.

Third being service: there is an expectation of a higher level of service from luxury brands than everyday brands."
0,26,Los Angeles,Hispanic,Under 40,"Quality fabric, original design ideas"
0,52,Los Angeles,White,40-60,Better Quality better fit And it seems more comfortable and last longer .
0,43,Los Angeles,White,40-60,"Quality and styles. The way the piece is made and craftsmanship behind it. The small details and branding are all things I feel differentiate designer brands from the rest
Designer brands are passionate about fashion and it shows in their collections. That‚Äôs why so many mass production brands copy the styles."
0,47,Los Angeles,White,40-60,"The exclusivity, the design, very unique"
0,37,Los Angeles,White,Under 40,Differentiates by the packaging of the product that it‚Äôs in. The quality. The services they offer in case something happens or were to happen to your item. The experience in store when you go to purchase an item from any fashion designer brand.
0,34,Los Angeles,White,Under 40,The material is the biggest difference. You can tell based on the stitching how well made something is everything luxury lasts longer
0,37,Los Angeles,Asian,Under 40,It‚Äôs the quality and heritage that goes into the products. Each piece is unique and constructed by master craftsman.
0,30,Los Angeles,White,Under 40,timeless. Quality. Perception. Attractiveness.
0,39,Los Angeles,White,Under 40,"When you invest in a luxury item, its serves as a unique piece that celebrates your personal style. I keep all of my luxury items, forever."
0,50,Los Angeles,White,40-60,"Quality, unique design and designer reputation. I enjoy quality, unique pieces in my wardrobe that are distinct and not mass produced. I will buy trendy, everyday clothing too but they are disposable. The classic designer, luxury items I purchase are keepers and considered investments. I appreciate the experience of shopping in a boutique to see displays and styling of clothes. You get more personal attention though sometimes I prefer to be left alone to browse."
0,44,Los Angeles,Asian,40-60,"I strongly believe that the luxury brands are fully aware of their value of the ‚Äúbrand names‚Äù and their influences on the society. So even when they sell something casual, like T shirts or even a pair of socks, I would trust them with their quality as well as the design and after-care. Yes, they are more expensive so people might think they‚Äôd better be good, and in most cases in my opinion they actually are more than good. They are the top runner of the trend, they have pride and belief in their products and their passion to please and satisfy their clients always impress me and make me want to go back to the same brands."
1,31,Los Angeles,White,Under 40,"To me it all comes down to durability. What I love about luxury brands are the craftsmanship, work, and detail that goes into every item assuring that I can use this item for years to come. I love that!"
1,54,Los Angeles,White,40-60,"Exclusivity - the item I buy won't be easy to find or for others to find. Quality - the construction will be the finest and made to last a long time. Taste - the item will be one that will be in good taste even if it is avant garde or not yet in fashion. Uniqueness - the item will reflect a certain style or aesthetic that the particular brand is known for and will be in character with the identity of the brand. Splurge - the item will be more expensive than other items and will add a feeling of luxe that will elevate any outfit. Overall brand identity - the brand will carefully curate its messaging so that I will feel proud to be associated with the brand and those that wear it.
Inventiveness - the brand will seek to explore new ideas and styles, and to set the trends years in advance, and will not be content to simply follow the mainstream. Design - the item will be designed to feature thoughtful details and features that are unique and will be useful to or delight the wearer. Experience - the experience of purchasing the item will be a pleasure from start to finish, from stepping into the store, whether to browse or ultimately purchase. There is a feeling that the brand seeks to build a lasting relationship to which the buyer wants to return again and again, not a short term sales transaction."
0,43,Los Angeles,White,40-60,"Luxury brands focus on the total elevated experience for the customers. The store, ambiance, the staff, every detail that includes elevated shopping bags and gift wrap. The pieces are special not mainstream. Shopping luxury brands creates a ‚Äúrush‚Äù for me. A special gift that I prefer not to see everyone having."
0,36,Los Angeles,White,Under 40,"A luxury fashion brand is something that lasts because it is made with great quality materials.They last generations and I hope to pass all of my luxury items to my offspring one day. The quality honestly speaks for itself. I have a Chanel bag that was handed down to me from my great aunt and it is still my favorite piece. Luxury brands cannot be afforded by all because they are exclusive and that exclusivity makes them even more desired and sought after. There is a reason people wait months to years for their item of their dreams, it is because those items make people not only look great but they also feel great. I love how I feel when i have a new luxury piece to add to my collection."
0,27,Los Angeles,White,Under 40,When I think of luxury I think of high quality. You know it will last. It also makes you feel expensive and confident when wearing luxury. It makes me feel good and like I‚Äôm on vacation. They are more fashion statement and trendy compared to regular fashion brands. Luxury never goes out of style .
0,47,Los Angeles,Asian,40-60,"quality, customer service"
1,33,Miami,White,Under 40,"Quality, exclusivity and timelessness"
0,45,Miami,White,40-60,Quality over quantity. Style offered. Timeless pieces.
1,52,Miami,White,40-60,"There is a reason why there is a cache attached to Luxury fashion--it's fit, quality and structure I find to be far superior. Also these brands retain their value. Almost like a commodity on the stock exchange. That is the selling point I should tell my husband ü§£. I also love that when you purchase a luxury clothing item not everyone is wearing it--I like to have my own kind of style and enjoy wearing pieces that are not as easy to come by. Designers aren't mass producing these items. And they are made more personally. Stitching by hand, almost like it's made just for me. If that makes sense."
1,49,Miami,White,40-60,"The unique touches such as the type and placement of hardware or a design/pattern indicating within which season it was purchased. Also the timeless of Chanel, the versatility of Louis Vuitton & the trendiness of Gucci. Each luxury brand has a touch that differentiates it from another brand."
0,27,Miami,White,Under 40,"In my opinion, a luxury handbag, shoes, or jacket completes an outfit. It makes you stand out in a crowd."
1,47,Miami,White,40-60,"I think you really can tell the difference in quality by touching, looking at stitching , weight and look of it says it all. The details that takes a longer time to get done. No comparison at all to cheap brands.
It takes a lot of craft-man ship to get this done."
0,56,Miami,White,40-60,Luxury items are life long items. I have started my collection of designer items since my Asians and I still wear items that are 30+ years old. Old styles always come back! I love my luxury items!
1,61,Miami,White,40-60,"Exclusivity, quality, and cutting edge fashion"
1,29,Miami,White,Under 40,Luxury fashion brands are quality pieces that don‚Äôt lose value. They last a lifetime if cared for properly. I love classic styles that never go out of style as well as unique pieces. I love following current fashion trends.
1,29,Miami,Asian,Under 40,"I always find classic pieces that I can wear year after year. I'm not the biggest fan of fast trends, so I like investing in classic pieces that I'll have for a long time (due to quality) and because they'll never go out of style. I also love how each luxury fashion brand is so unique and distinct in their own brand - for example with Chanel, you can immediately recognize the brand, whether it be clothings, handbags, shoes, accessories, and even makeup!"
1,53,Miami,White,40-60,"Sets a standard. Exclusive. Feeling good and special when wearing the item.
LV Bag"
1,34,Miami,White,Under 40,"The brand‚Äôs story, history and culture is what differentiates a luxury brand."
1,34,Miami,White,Under 40,Luxury fashion brands hold value over time which make them a better investment pieces in oppose to ‚Äúfast fashion‚Äù brands. Luxury fashion has higher quality materials- which make them more timeless than other fashion brands.
0,50,Miami,White,40-60,Luxury brands are timeless and classic and can have an edge all at the same time. It makes you personally feel good wearing a designer brand
0,32,Miami,White,Under 40,"Luxury fashion brands are usually relevant for longer, less trendy and they are more special purchase."
0,29,Miami,White,Under 40,The appreciation or storage of value. I don‚Äôt have to worry about my items going on sale.
0,32,Miami,White,Under 40,"Luxury fashion brands deliver timeless pieces, quality workmanship, and product guarantees."
0,31,Miami,Hispanic,Under 40,"Investing in luxury fashion means you're investing in longevity for your pieces, quality, and being able to be trendy without actually being trendy - the pieces are different, but always have a classic touch. That's what plays into the longevity."
0,25,Miami,White,Under 40,A luxury fashion brand piece stands out and makes an outfit. A luxury designer also has pieces that last you and the quality of the item lasts a lot longer than a typical item.
0,29,Miami,White,Under 40,Chicness of the runway shows
0,32,Miami,White,Under 40,In my opinion I am positive that quality differentiates a luxury fashion brand from other fashion brands. Luxury brands create their products with the highest grade of material. I have had other lower end brands that have lasted 6 months while my more luxury items have lasted for years.
0,51,Miami,White,40-60,I just love the quality of the products as well as the classic styles. I have new trendy pieces as well as classics that I‚Äôve held into for years that still look brand new. I love how it can fit trends for both young and old as I just purchased gucci jewelry as well for my daughters high school graduation gift ‚ù§Ô∏è
0,32,Miami,White,Under 40,"Luxury Brands are timeless pieces depending on the brand they never go out of style, it‚Äôs worth the money spent on those pieces."
0,27,Miami,White,Under 40,"Designer clothing is different from other fashion brands because the quality of the material last forever, it feels great on my body and it also feels good from all of the hard work I do I‚Äôm able to afford luxury clothing, bags etc . Its always good to pamper yourself only money can buy!"
0,None,Miami,White,40-60,"For me, a luxury fashion brand Is differentiated from other brands by the history, Such as Hermes Kelly or Birkin bag, Or Chanel.. Those fadhion brands have Been around forever, They area classic And not trendy.."
0,43,Miami,White,40-60,"I enjoy the shopping experience at luxury brands over regular fashion brand,because the attention to detail they show u....They learn your shopping habits, they have personal consultants that catering to my style that I like.And I love how they call me when new merchandise is in...."
0,39,Miami,White,Under 40,"I think what differentiates a luxury designer from others is the cost of the item, the quality and craftsmanship, materials used, as well as the demand and exclusivity of the item. Luxery designers are up to date on the latest styles and they have all the accessories that make my ""wants"" ""needs"""
0,33,New Orleans,White,Under 40,"I think it's the overall experience that you get when you purchase designer clothes - from champagne in the store, one on one shopping, sales assistants that want to help you, just an overall really pleasant experience! Makes me feel great :-)"
0,31,New Orleans,White,Under 40,"History of brand, including where the brand originated and how old it is. Name recognition is also important. The brand must be known for quality materials and classic yet unique designs, and designs that withstand the test of time."
1,37,New York,White,Under 40,Luxury is not something that everyone can attain. A luxury fashion brand should be (or at least feel) exclusive.
0,42,New York,White,40-60,"I feel good investing in a luxury brand items because they have better quality, ie better and longer use time, as opposed to brands that aren‚Äôt as high quality. Also, the styles I tend to gravitate to are more timeless and I‚Äôm able to enjoy season after season."
0,60,New York,White,40-60,"Details¬†differentiate a¬†luxury¬†fashion brand from other fashion brands.

For example: How seams are finished inside the garment.

Materials used for hardware.

Something about the luxury item should not be replicable.¬†

The brand and it's products must be Top of class and deliver some meaningful or measurable value like Innovation, Exclusivity, Heritage, Relevance."
1,27,New York,White,Under 40,"Price, quality, reputation"
1,57,New York,White,40-60,"The luxury designer clothing,shoes,bags quality is for lifetime and always look classy and in style"
1,30,New York,White,Under 40,The difference in exclusivity and quality. Luxury fashion allows me to find items that most people my age can‚Äôt.
1,60,New York,White,40-60,A luxury brand is more timeless than a run of the mill brand with better materials and overall quality. The pieces are well constructed and last for years. A lot of luxury items tend to have logos so that fashionistas can show off but I am much more about the quality and want subtle logos on my luxury items.
1,49,New York,White,40-60,"The details make the difference to me. Soft satin lining a jacket, a zipper that moves smoothly, stitching that doesn‚Äôt come loose....."
1,32,New York,White,Under 40,The exclusivity of luxury brands is everything. Because some luxury items are hard to get and find easily in stores is why I want them. It‚Äôs different from fashion brands that available everywhere.
1,59,New York,White,40-60,I think the quality of many of the designer items I have is better than some of my other garments. The expensive pieces that I buy look good for years. I only buy classic pieces so my things are timeless. I still where a chanel bag that I got 30 years ago. I treat my designer things well and I'm very careful with them. I also buy these things because I admit to liking the status and wearing these things makes me feel a bit more special and can give me a lift.
1,60,New York,White,40-60,"A luxury brand is an evolving art. It represents centuries of traditions, incredible craftsmanship, timeless, undeniably recognizable classic and unique collectors/museum pieces. The fashion houses of Herm√®s, Chanel, Dior, etc endeavor to create a catered buying experience. I value a special connection with a Luxury Boutique Management, SAs, Alterations and Post Sale services. It seems a luxury brand appreciates not only my purchasing power but loyalty and knowledge of collections."
1,24,New York,White,Under 40,"A luxury fashion brand is defined by its price point, its client base, and its history. To me, a luxury fashion brand has been around for a while. In terms of price, a luxury brand is not affordable and should not be considered attainable- I find that bags and shoes are usually the luxury items people save up for, while luxury clothing is worn only by those who own many luxury pieces. I think luxury brands are ones that few people are wearing- that's what makes them special!!"
1,25,New York,White,Under 40,"I believe it is the quality of fabric, the tailoring and the attention to detail in each item."
1,42,New York,White,40-60,"Quality, craftsmanship and longevity, timeless"
1,43,New York,White,40-60,"The high quality, craftsmanship and uncompromised style. There‚Äôs nothing like the feeling you get from buying a luxury piece and every time you wear it - so much joy."
1,45,New York,Asian,40-60,"Every high end luxury item purchased, whether clothing, shoes, bags, or jewelry are of exceptional quality and worth the cost. They are timeless and therefore serve as heirlooms that I look forward to handing down to my daughter."
1,57,New York,White,40-60,"A luxury brand is a brand that is special and set apart by its quality and, therefore, price."
1,40,New York,White,40-60,"A luxury brand is all about the experience you have in store or virtually. The caliber of sales associates, the story/history behind the brand and the quality of the goods. Attention to detail in store, virtually, if/how the SA follows up or does outreach, how you feel when engaging with the brand or wearing pieces from it."
0,34,New York,White,Under 40,"A luxury brand is about craftsmanship, exclusivity, a feeling of belonging to a club that not everyone can belong to. When you wear them, you‚Äôre treated with respect and when you shop for them, you‚Äôre treated to an experience. Sales Associates know you by name and know what you like. You see others carrying the same brand and it is like they are in the know. You do not get that feeling with regular brands."
0,29,New York,White,Under 40,The quality of the pieces is much better than other fashion brands and the styles are more unique.
0,29,New York,Asian,Under 40,The history of the fashion house and quality of materials used.
0,41,New York,Asian ,40-60,Exclusivity. Limited quantities produced.
0,48,New York,White,40-60,Luxury fashion brands don‚Äôt copy and come out with original pieces that the others brands aspire to. They are the creative force behind the over all look of the moment. They also tend to be timeless in design and value .
0,28,New York,White,Under 40,A long and rich heritage combined with exquisite craftsmanship using skilled artisans. The aura and illusion of exclusivity as well.
0,58,New York,White,40-60,"The attention to detail, the superior craftsmanship, the higher quality and uniqueness of the materials, be it fabrics, leathers or metals, the originality of the designs, the limited supply."
0,33,New York,Asian,Under 40,"The most important quality that differentiates a fashion brand is the overall feel of the brand. What style or image are they trying to portray through the combined collection of bags, clothes, shoes, etc? That‚Äôs an important question. I also think having an original and unique style also is important. For example, I‚Äôve seen a few brands copy Herm√®s Kelly or Chanel classic flap and it makes me feel like this brand that copies others hasn‚Äôt really matured yet. Finally, I consider investment value. I‚Äôm always updating my closet and my style has changed from my Asians to early 30s. I never buy with the intention to sell, but I am conscious that my style might be in the middle of changing so I keep abreast of how easily the bag sells and whether or not it can hold its value.
Recently I‚Äôve noticed handbag quality of brands like Chanel and Herm√®s have been inconsistent. It‚Äôs made me reconsider paying a premium. If I want a green bag, I may just buy a different brand. I find dior and fendi to be ‚Äúedgier‚Äù now"
0,44,New York,Asian,40-60,Luxury fashion brand stands for exquisite quality and high standards.
0,33,New York,White,Under 40,Quality!!
0,44,New York,Asian,40-60,"Luxury brands are exclusive. They have impeccable craftsmanship. It's a high level, or should be a high level experience when you purchase in the brand's boutiques. Service is very personalized."
0,44,New York,White,40-60,"I have a distinct taste and one that is not easily replicated.
I like having a style that reflects my personal lifestyle, and also having items coveted by others."
0,32,New York,White,Under 40,For me it‚Äôs whether the collections are timeless and will hold their allure beyond one season. Ie a Chanel tweed blazer
0,26,New York,White,Under 40,"A luxury fashion brand is differentiated from other fashion brands by the craftsmanship and quality of materials used to create their garments and accessories. Purchasing something from a luxury brand is an investment in a quality piece that will stand the test of time rather than something expendable. The experience of purchasing an item from a luxury brand is special, especially in a standalone boutique, as you are often offered the history or idea behind a piece you are considering purchasing."
0,47,New York,White,40-60,"Craftsmanship, fabrics/materials, artisans, heritage of brand"
0,49,New York,White,40-60,luxury fashion brand is timeless abs classic. I tend to buy pieces that are staples in my wardrobe. I can dress them up or down. The pieces are purchase are also classic that retain value in the event I ever decide to sell
0,39,New York,White,Under 40,"For me, a luxury purchase is an investment - something that will elevate my entire wardrobe for many years but also hold its value (whether I plan to sell or to pass down to future children)."
0,53,New York,White,40-60,"Craftsmanship

Attention to design and detail

Materials used"
0,27,New York,White,Under 40,The differentiator is by far the quality and the material. Luxury goods are noticeably better quality just by the look and feel and how it holds up and holds its value over time.
0,44,New York,Asian,40-60,Quality of the materials and the construction. I like the idea of ‚Äúinvestment‚Äù pieces.
0,41,New York,White,40-60,"I find that luxury brands fabric and the way it fits and feels there is a very big difference between a high end brand and other fashion brands. It just forms to the body differently and feels better on a women‚Äôs body. I truly believe that spending a bit more money is worth it due to longevity as well. Price is what you pay , value is what you get !"
0,31,New York,White,Under 40,"Luxury fashion brands differ in terms of quality and craftsmanship, personalised service, limited pieces, and history of the individual luxury fashion houses eg Chanel or Hermes. Also their brand identity and making their clients stay with them throughout the years. People feel a sense of pride to wear these luxury items."
0,31,New York,White,Under 40,"you pay for quality, style, and beauty. It is classic!"
0,43,New York,White,40-60,"Something that is classic and will stand the test of time and better quality
Chanel"
0,39,New York,Middle Eastern,Under 40,Quality of craftsmanship
0,40,New York,White,40-60,Luxury fashion brands have quality and craftsmanship that differentiates them from other brands. They are so trend setters.
0,32,New York,White,Under 40,Definitely the quality of the luxury brand
0,44,New York,White,40-60,A luxury fashion brand offers a quality and style above and beyond what you will find at a ‚Äútypical‚Äù retailer. The designers at prestigious fashion houses are creating pieces of art so when I add to my collection it is more than just a garment or accessory.
0,52,New York,White,40-60,"For me these purchases are an investment, great quality than of the less expensive brands the craftsmanship, the fit."
1,41,New York,African American,40-60,The fact that it‚Äôs exclusive and mostly harder to get due to it‚Äôs usually higher price points. There is also much more attention to detail and better craftsmanship secondary to the fact that it‚Äôs usually handmade as opposed to mass produced.
0,43,New York,White,40-60,"High quality, exclusiveness, prestige, accumulated value over time"
1,37,New York,White,Under 40,"To me it‚Äôs about a few things. One is exclusivity, the harder an item is to get the more luxurious it seems to feel. A luxury brand always feels different craftsmanship wise & more special. The leather is always softer, the detailing perfect, nothing like it. It also makes you feel more confident when you wear it."
1,58,New York,White,40-60,"A luxury fashion brand uses the highest quality material, expert workmanship and you can see this in the details of the finished product . In addition there is a timelessness to the styling that is unmistakable."
1,30,New York,White,Under 40,Quality and timelessness
0,28,New York,White,Under 40,"price, reputation, and quality. Mostly the reputation of the brand and the types of stores it is sold in (sold in bergdorfs and saks means its luxury fashion brand)"
0,39,New York ,White,Under 40,"The quality, attention to detail, materials used, logos. Feels, looks and more premium"
0,59,New York ,White,40-60,"I appreciate how exclusive and ‚Äú hard to get‚Äù items are. It makes it that much more desirable. I also love the shopping experience and the entire vibe I get when I go into a designer store, it feels more personal"
1,35,New York ,White,Under 40,"I think what differentiates a luxury fashion brand from other fashion brands is quality of materials and construction, level of customer service"
1,40,New York ,White,40-60,"In my opinion, a luxury fashion brand has a certain signature presence, as well as superior quality/craftsmanship"
0,42,New York ,White,40-60,"Quality of products. ""Limited"" - do not want to spend $$$ if everyone can buy."
1,48,New York ,African American,40-60,"I like the construction and the timelessness of luxury pieces. They stand the test of time and become heirlooms. They are always prized for status as well.
I like having something different than the masses."
1,50,New York ,White,40-60,"When you purchase a luxury fashion brand, you know that you were buying some thing that is well-made, and will most likely stand the test of time (trend wise). I tend to wear mostly luxury brands with timeless looks so I can get the most use out of them, rather than just buying trendy clothing that may not fit me well. Also, with designer apparel, I know the fit will be nicer and showcase my body better than just a less expensive brand."
0,50,New York ,Asian,40-60,Craftsmanship and exclusivity
0,26,New York ,White,Under 40,"For one, the price. Second, designer pieces are like collector's item and are usually timeless. The pieces usually retain their value and make you feel as if you belong to a special club"
0,59,New York ,White,40-60,"Valentino / Birkenstock
Wearing luxury brands makes me stand out and enhances my brand. I‚Äôm a real-estate agent in the Atlanta market so it‚Äôs important that I look successful. When wearing luxury brands, I exudes confidence. I feel accomplished when wearing luxury brands."
0,33,New York ,White,Under 40,Quality and exclusivity is what differentiates a luxury fashion brand from other fashion brands. Luxury brands are made from fine materials and hold up well over time. They are a true investment and hold their value. Luxury items are exclusive- not everyone can have them. They are prestigious and valuable.
0,55,Newport,White,40-60,"Quality of fabric or leather, workmanship as well as designs. I like classic things that last longer.
B"
0,43,Philadelphia,White,40-60,"The quality , the craftsmanship of the product"
1,46,Philadelphia,White,40-60,"For me it‚Äôs all about the feel of the fabrics , the aesthetics of the look. The way the fabrics fit really differentiates the brand. As for Handbags I feel that the quality and the design in luxury is unmatched. When it comes to shoes I appreciate comfort but I really love the style of the shoes. Luxury is custom and can‚Äôt be duplicated."
1,45,Philadelphia,White,40-60,"Quality, exclusivity, style"
1,53,Philadelphia,White,40-60,I would say unfortunately the label. It‚Äôs a status symbol for our income level. Clearly myself and others at our income level tend to shop in stores such as Bergdorf‚Äôs and Saks where you can only purchase luxury labels. I really feel social media has fueled people‚Äôs desires to obtain label status even at lower income levels.
0,47,Philadelphia,White,40-60,I feel like a luxury brand can change the entire dynamics of any outfit. You could wear a sweatshirt and leggings from target but If you have a Chanel bag or a luxury brand it automatically changes the entire vibe of your style and or outfit. It makes you feel more confident & put together regardless of what you have on.
0,32,Philadelphia,White,Under 40,Quality and uniqness
0,27,Philadelphia,White,Under 40,"What differentiates luxury brands from other brands is the quality, design and for clothing also the fit. I find that more times than not you get what your pay for. With luxury brands some items also hold their value and are timeless."
0,46,Philadelphia,White,40-60,"The experience in shopping, customer service. Chilled champagne and perrier, I prefer to have my items brought to brought to me for selection and the presentation upon delivery and the packaging. The overall experience is what makes it worthwhile."
0,43,Phoenix,White,40-60,"To me, what differentiates luxury fashion brands from other fashion brands is the quality, exclusivity and timelessness of their pieces. Luxury fashion brands have a rich history and and their styles reflect this."
0,50,Phoenix,White,40-60,"I believe you get what you pay for! Though luxury brands are not for everyone, I admire the exemplary craftsmanship and style they afford me. I prefer to spend more on a timeless, classic item that will transcend seasons than buy trend. Additionally, luxury brand are easily identified. When I choose an additional piece for my collection, it‚Äôs almost like an adrenaline rush!
Opinion"
0,42,Sacramento,White,40-60,"The quality and craftsmanship. Details in each piece is what makes it special. Customer service also counts, down to packaging.
Since the pandemic started I just buy online and over the phone with a Sales Associate and they alway ship my items first class."
1,52,San Diego,White,40-60,"The differentiating qualities of a luxury fashion brand includes source materials, design, quality of construction, service delivery and client relationship building. Luxury fashion sources the best materials to create the product. These materials have a more pleasing feel and look, longevity and wear better than non-luxury brands. The design aspects of luxury stems from the creative minds at the helm of the various fashion brands. Luxury fashion creates the look while non-luxury follows the look. Quality of construction and fit sets apart luxury fashion from the rest. Luxury items are made with care and it shows from the pattern, fit and finish...just doesn't compare. Finally, service delivery and relationship building is at the core of luxury. The presentation of the final product and treatment of clientele creates an experience. Luxury shopping should be an experience of enjoyment and echo the brands' overall image and be relatable to the client."
0,55,San Diego,Asian,40-60,"Quality & timeless appeal. Wearability and durability. Best stitching, best craftsmanship. Each piece is it‚Äôs own little work of art. Also, not mass produced. Each line every season will eventually become obsolete."
0,52,San Diego,Asian,40-60,Quality and investment. I like the way things look
0,50,San Diego,White,40-60,"I feel that the luxury fashion brand elevates my wardrobe and how I feel when wearing it! I just feel better about myself. Designers spend a lot of time and effort creating this art of luxury wear that I get to wear and enjoy! I love it and feel very fortunate that I get to enjoy!
I love fashion and appreciate it sooo much!! I love putting designers pieces and mix and match! It is very special and I am fortunate that I can do that! It is created by talented people using the best of the best and I love that!!"
0,43,San Diego,White,40-60,"I always feel special when wearing a designer piece, more confident. I like to treat myself to pieces that make me feel good and that I look forward to wearing!"
0,32,San Diego,White,Under 40,"A designer clothing, shoe, handbag, and jewelry are made with quality materials. They hold their value, are noticeable as they convey a sense of wealth, and exclusivity. As far as selling, designer items hold their value as opposed to non designer items"
0,52,San Francisco,Asian,40-60,Timeless and ageless styles are the main reason I shop for the luxury fashion brands. For example I feel always so proud and happy to carry my Asian+years handbags from Herm√®s ( Kelly 35 sellier to be specific). Herm√®s also releases some new styles of handbags but they usually variate in sizes ( minis are very hot now). I used to love Louis Vuitton but as they explore too many styles in printing ( monogram with some designs) I began to avoid such items as I feel carrying them is outdated.
1,43,San Francisco,White,40-60,Well made. Unique pieces that you won‚Äôt see every day. High end fashion. Good customer service in store. Forever pieces.
1,32,San Francisco,Asian,Under 40,"Quality, craftsmanship and exclusivity all come to mind when I think of luxury goods. I also tend to avoid trendy items so I feel that all the items I buy I will continue to love and enjoy vs a more fast fashion approach which feels both wasteful and fleeting. I also love that the bags and shoes are not only made well, but are worth repairing and can be enjoyed many times over."
1,39,San Francisco,White,40-60,"For me, it's the quality and level of service. Items last a long time and are very well made. The ones I like have a classic feel with long lasting leather and fabric choices. Because of this, luxury items hold their value well too. I also like that they influence other brands, with their shows. I can see elements of luxury designs in a lot of other brands."
0,37,San Francisco,Asian,Under 40,"Original and distinctive design. Quality in the craftsmanship, made with fine materials by skilled individuals rather than mass-produced by underpaid laborers."
0,41,San Francisco,White,40-60,"For me the key components¬†that distinguish a luxury brand are (1) quality of craftsmanship, (2) an evolved, unique design aesthetic, (3) rarity/exclusiveness of items, and (4) incredible service both during and after purchase. Those things likely translate into higher priced items but high prices without underlying value isn't luxury."
0,26,San Francisco,White,Under 40,I think Luxury Fashion is a statement piece that you curate and plan to pass down.
1,33,San Francisco,Asian,Under 40,"Classic, beautiful pieces."
1,36,Santa Monica,White,Under 40,The feel of the store when you walk in. Designer stores make you feel special and the quality of the clothes / shoes / handbags makes you feel good.
1,50,Seattle,White,40-60,"Gucci tote
Luxury fashion brands are timeless, high quality, and send a statement about my personality. More specifically, a wardrobe defines you, what you tolerate, what you love, and how you think about yourself."
1,49,Seattle,White,40-60,"Quality materials, often made in Europe using old world techniques. Originality, durability."
0,44,Seattle,None,40-60,"For me a luxury brand means superb quality, exquisite craftsmanship, items that stand the test of time and something I will be able to use and enjoy for a long time. Luxury brands like Herm√®s prides itself with only giving the highest quality products, most of them handmade by an artisan, guaranteeing the best of the best. Luxury brands tend to stand the test of time, retaining its value over time (or in the case of Chanel and Hermes classics, value increases in time). It also means exclusivity and tend to have a smaller but more discerning following. Luxury brand aficionados love the heritage/history of each house and appreciate all the hard work that goes into it.¬†Other fashion brands on the other hand are like fast fashion, they cater to trends, what sells now. The quality is not that great, most are mass produced, ¬†and very accessible to everyone. Fashion brands tend to cater to seasonality anf trends, something you can enjoy for months or a few years (depending on the quality). For fashion brands, the heritage/history does not matter as much."
0,28,Tucson,White,Under 40,Quality of luxury brands are better. The history and craftsman‚Äôs ship are superior. The exclusivity of luxury is also important. It‚Äôs nice to have unique things that you don‚Äôt see everyone owning.
1,41,Washington D.C.,Asian,40-60,High price point. Long history and tradition of the fashion house. High level of quality and craftsmanship. Exclusivity and not available to the masses.
0,43,Washington D.C.,White,40-60,Luxury has history. The story of the design and the fashion house have value and the quality of the goods are higher.
0,26,Washington D.C.,White,Under 40,"A luxury fashion brand is more exclusive than a regular fashion brand. Typically, these brands are setting the standards for current trends rather than following them. The quality of these products (such as that of the fabrics used) is much higher than those of a regular fashion brand, and said products are valued higher cost due to their uniqueness and creative design. Many of the styles implemented by luxury fashion brands are timeless and are fashionable throughout many generations due to their prestige."
0,56,Washington D.C.,White,40-60,"When I was a little girl I used to imagine myself walking down Fifth Avenue and looking into the windows at Tiffany‚Äôs and Saks Fifth Avenue. I dreamt of one day being able to wear what I saw in the windows. Today I am still that little girl but I am now wearing the things I used to imagine.¬† What differentiates designer clothing from other fashion brands is how it makes you feel when you put it on or carry, the workmanship that is behind what you are putting on or carrying, and the fabric/materials used by the designers. Saying that what is luxury to one is not luxury to another. It is a personal preference ‚Äì for me it is always being that little girl imagining what could be when looking into ¬†the windows at Tiffany‚Äôs and Saks Fifth Avenue."